{"cameraMode":{"drawMode":0,"name":"Shaded","section":"Shading Mode"},"sceneLighting":false,"audioPlay":false,"sceneViewState":{"m_AlwaysRefresh":false,"showFog":true,"showSkybox":false,"showFlares":true,"showImageEffects":true,"showParticleSystems":true,"showVisualEffectGraphs":true,"m_FxEnabled":true},"in2DMode":false,"pivot":{"x":1.139620065689087,"y":-0.6054644584655762,"z":0.7057536840438843},"rotation":{"x":0.2117813378572464,"y":-0.7796370983123779,"z":0.47692766785621645,"w":0.34620052576065066},"size":2.8327860832214357,"orthographic":false}