{"cameraMode":{"drawMode":0,"name":"Shaded","section":"Shading Mode"},"sceneLighting":true,"audioPlay":false,"sceneViewState":{"m_AlwaysRefresh":false,"showFog":true,"showSkybox":true,"showFlares":true,"showImageEffects":true,"showParticleSystems":true,"showVisualEffectGraphs":true,"m_FxEnabled":true},"in2DMode":false,"pivot":{"x":-0.2634419798851013,"y":20.439437866210939,"z":-21.341588973999025},"rotation":{"x":-0.3885441720485687,"y":0.032329779118299487,"z":-0.013642324134707451,"w":-0.9207646250724793},"size":1.388939380645752,"orthographic":false}