{"cameraMode":{"drawMode":0,"name":"Shaded","section":"Shading Mode"},"sceneLighting":true,"audioPlay":false,"sceneViewState":{"m_AlwaysRefresh":false,"showFog":true,"showSkybox":true,"showFlares":true,"showImageEffects":true,"showParticleSystems":true,"showVisualEffectGraphs":true,"m_FxEnabled":true},"in2DMode":false,"pivot":{"x":0.9978442192077637,"y":0.3270680904388428,"z":0.2986893653869629},"rotation":{"x":0.1684015542268753,"y":-0.40610435605049136,"z":0.07641872018575669,"w":0.8949195742607117},"size":8.963567733764649,"orthographic":false}